request_id,user_name,match_id,catagory,latest_status
a983a95b-2273-11f0-9745-089798a2bed8,,1,,submitted
c99be0e8-2273-11f0-93d2-089798a2bed8,,1,,submitted
e598bd80-2273-11f0-873f-089798a2bed8,,1,,submitted
1c1f2cc0-2274-11f0-8d0a-089798a2bed8,,1,,submitted
2903a206-2274-11f0-bbb1-089798a2bed8,,1,,submitted
121b8954-2275-11f0-a509-089798a2bed8,,1,,submitted
66eb1e58-2275-11f0-b8fc-089798a2bed8,,1,,submitted
707c14c3-2275-11f0-8cad-089798a2bed8,,1,,submitted
7d88de89-2275-11f0-9bd1-089798a2bed8,,2,,submitted
834842f0-2275-11f0-a96d-089798a2bed8,,2,,submitted
8950e80e-2275-11f0-a6a3-089798a2bed8,,2,,submitted
a0c5eea7-2275-11f0-9d5c-089798a2bed8,,1,,submitted
d77dbdbf-2275-11f0-ba67-089798a2bed8,,1,,submitted
2ca0400e-2276-11f0-9af0-089798a2bed8,,1,,submitted
5119e3c5-2276-11f0-bb43-089798a2bed8,,1,,submitted
